Customer ID,Similarity Score
C0070,0.362686025781528
C0063,0.34981144684377136
C0133,0.3224900635854597
