Customer ID,Similarity Score
C0144,0.4456855328303115
C0003,0.3228683320219567
C0164,0.3171649706244415
